ATOM,Atm_no,Atm_name,Res_name,Atm_type,Charge,Vdwradrna,Vdwepsrna
ATOM,3386,P,DA,P,1.1659,2.1,0.2
ATOM,3387,OP1,DA,O2,-0.7761,1.6612,0.21
ATOM,3388,OP2,DA,O2,-0.7761,1.6612,0.21
ATOM,3389,O5',DA,OS,-0.4954,1.6837,0.17
ATOM,3390,C5',DA,CT,0.1439,1.908,0.1094
ATOM,3391,C4',DA,CT,0.2805,1.908,0.1094
ATOM,3392,O4',DA,OS,-0.3691,1.6837,0.17
ATOM,3393,C3',DA,CT,0.1698,1.908,0.1094
ATOM,3394,O3',DA,OS,-0.5232,1.6837,0.17
ATOM,3395,C2',DA,CT,0.0582,1.908,0.1094
ATOM,3396,C1',DA,CT,0.2269,1.908,0.1094
ATOM,3403,N1,DA,NC,-0.7624,1.824,0.17
ATOM,3404,C2,DA,CQ,0.6314,1.908,0.086
ATOM,3405,N3,DA,NC,-0.7417,1.824,0.17
ATOM,3406,C4,DA,CB,0.38,1.908,0.086
ATOM,3400,C5,DA,CB,0.0725,1.908,0.086
ATOM,3401,C6,DA,CA,0.6897,1.908,0.086
ATOM,3402,N6,DA,N2,-0.0789,1.824,0.17
ATOM,3397,N9,DA,N*,-0.0268,1.824,0.17
ATOM,3398,C8,DA,CK,0.3484,1.908,0.086
ATOM,3399,N7,DA,NB,-0.6175,1.824,0.17
ATOM,3448,P,DT,P,1.1659,2.1,0.2
ATOM,3449,OP1,DT,O2,-0.7761,1.6612,0.21
ATOM,3450,OP2,DT,O2,-0.7761,1.6612,0.21
ATOM,3451,O5',DT,OS,-0.4954,1.6837,0.17
ATOM,3452,C5',DT,CT,0.1439,1.908,0.1094
ATOM,3453,C4',DT,CT,0.2805,1.908,0.1094
ATOM,3454,O4',DT,OS,-0.3691,1.6837,0.17
ATOM,3455,C3',DT,CT,0.1698,1.908,0.1094
ATOM,3456,O3',DT,OS,-0.5232,1.6387,0.17
ATOM,3457,C2',DT,CT,0.0582,1.908,0.1094
ATOM,3458,C1',DT,CT,0.2484,1.908,0.1094
ATOM,3459,N1,DT,N*,-0.0239,1.824,0.17
ATOM,3460,C2,DT,C,0.5677,1.908,0.086
ATOM,3461,O2,DT,O,-0.5881,1.6612,0.21
ATOM,3462,N3,DT,NA,-0.092,1.824,0.17
ATOM,3463,C4,DT,C,0.5194,1.908,0.086
ATOM,3466,O4,DT,O,-0.5563,1.6612,0.21
ATOM,3464,C5,DT,CM,0.0025,1.908,0.086
ATOM,3467,C7,DT,CT,0.0041,1.908,0.1094
ATOM,3465,C6,DT,CM,0.0398,1.908,0.086
ATOM,3429,P,DC,P,1.1659,2.1,0.2
ATOM,3430,OP1,DC,O2,-0.7761,1.6612,0.21
ATOM,3431,OP2,DC,O2,-0.7761,1.6612,0.21
ATOM,3432,O5',DC,OS,-0.4954,1.6837,0.17
ATOM,3433,C5',DC,CT,0.1439,1.908,0.1094
ATOM,3434,C4',DC,CT,0.2805,1.908,0.1094
ATOM,3435,O4',DC,OS,-0.3691,1.6837,0.17
ATOM,3436,C3',DC,CT,0.1698,1.908,0.1094
ATOM,3437,O3',DC,OS,-0.5232,1.6837,0.17
ATOM,3438,C2',DC,CT,0.0582,1.908,0.1094
ATOM,3439,C1',DC,CT,0.1847,1.908,0.1094
ATOM,3443,N3,DC,NC,-0.7748,1.824,0.17
ATOM,3444,C4,DC,CA,0.8439,1.908,0.086
ATOM,3446,C5,DC,CM,-0.3359,1.908,0.086
ATOM,3447,C6,DC,CM,0.211,1.908,0.086
ATOM,3441,C2,DC,C,0.7959,1.908,0.086
ATOM,3440,N1,DC,N*,-0.0339,1.824,0.17
ATOM,3442,O2,DC,O,-0.6548,1.6612,0.21
ATOM,3445,N4,DC,N2,-0.1145,1.824,0.17
ATOM,3407,P,DG,P,1.1659,2.1,0.2
ATOM,3408,OP1,DG,O2,-0.7761,1.6612,0.21
ATOM,3409,OP2,DG,O2,-0.7761,1.6612,0.21
ATOM,3410,O5',DG,OS,-0.4954,1.6837,0.17
ATOM,3411,C5',DG,CT,-0.0069,1.908,0.1094
ATOM,3412,C4',DG,CT,0.1629,1.908,0.1094
ATOM,3413,O4',DG,OS,-0.3691,1.6837,0.17
ATOM,3414,C3',DG,CT,0.0713,1.908,0.1094
ATOM,3415,O3',DG,OS,-0.6549,1.721,0.2104
ATOM,3416,C2',DG,CT,-0.0854,1.908,0.1094
ATOM,3417,C1',DG,CT,0.0358,1.908,0.1094
ATOM,3424,N1,DG,NA,-0.5053,1.824,0.17
ATOM,3425,C2,DG,CA,0.7432,1.908,0.086
ATOM,3427,N3,DG,NC,-0.6636,1.84,0.17
ATOM,3428,C4,DG,CB,0.1814,1.908,0.086
ATOM,3421,C5,DG,CB,0.1991,1.908,0.086
ATOM,3422,C6,DG,C,0.4918,1.908,0.086
ATOM,3423,O6,DG,O,-0.5699,1.6612,0.21
ATOM,3418,N9,DG,N*,0.0577,1.824,0.17
ATOM,3419,C8,DG,CK,0.0736,1.908,0.086
ATOM,3420,N7,DG,NB,-0.5725,1.824,0.17
ATOM,3426,N2,DG,N2,-0.923,1.824,0.17
