aa,dnnnnnnnnnnnnnnnnnnnnnnnnnnnnn,pd,potential_3.5,potential_6
ALA,DG,ALA DG,-0.654546754,-0.511540305
ARG,DG,ARG DG,-0.811833022,-0.724415589
ASN,DG,ASN DG,-0.981856288,-0.893455131
ASP,DG,ASP DG,-0.896740464,-0.909475617
CYS,DG,CYS DG,-1.887771686,-1.785568934
GLN,DG,GLN DG,-0.887684459,-0.906322493
GLU,DG,GLU DG,-0.621766923,-0.607517816
GLY,DG,GLY DG,-0.910026414,-0.735240469
HIS,DG,HIS DG,-1.436079761,-1.375902724
ILE,DG,ILE DG,-0.698143822,-0.548998495
LEU,DG,LEU DG,-0.38596817,-0.346366307
LYS,DG,LYS DG,-0.732661785,-0.66206219
MET,DG,MET DG,-1.309033276,-1.219532083
PHE,DG,PHE DG,-0.970213428,-0.917921861
PRO,DG,PRO DG,-0.989167366,-1.026604028
SER,DG,SER DG,-0.810607798,-0.767430184
THR,DG,THR DG,-0.919178285,-0.857316403
TRP,DG,TRP DG,-1.473553738,-1.507790209
TYR,DG,TYR DG,-1.033403927,-0.926389843
VAL,DG,VAL DG,-0.740482304,-0.684616345
ALA,DC,ALA DC,-0.457757916,-0.505287596
ARG,DC,ARG DC,-0.633260487,-0.645504517
ASN,DC,ASN DC,-0.827339921,-0.802656604
ASP,DC,ASP DC,-0.915391644,-0.83568217
CYS,DC,CYS DC,-1.585298553,-1.598743191
GLN,DC,GLN DC,-0.92515505,-0.883632897
GLU,DC,GLU DC,-0.668149244,-0.572261809
GLY,DC,GLY DC,-0.737571411,-0.709290263
HIS,DC,HIS DC,-1.192600047,-1.264385179
ILE,DC,ILE DC,-0.720281952,-0.552362856
LEU,DC,LEU DC,-0.310025444,-0.211695891
LYS,DC,LYS DC,-0.608629004,-0.628007849
MET,DC,MET DC,-1.112828101,-1.137511421
PHE,DC,PHE DC,-0.845379609,-0.837051935
PRO,DC,PRO DC,-0.771427962,-0.869407652
SER,DC,SER DC,-0.659062993,-0.663144523
THR,DC,THR DC,-0.690917872,-0.690531745
TRP,DC,TRP DC,-1.494332221,-1.446399515
TYR,DC,TYR DC,-0.889819247,-0.838459127
VAL,DC,VAL DC,-0.522127705,-0.516185481
ALA,DA,ALA DA,-0.727456819,-0.867955908
ARG,DA,ARG DA,-0.847952249,-0.894485935
ASN,DA,ASN DA,-1.119400575,-1.190353915
ASP,DA,ASP DA,-0.933473232,-0.89248723
CYS,DA,CYS DA,-1.659410904,-1.687284818
GLN,DA,GLN DA,-1.153962552,-1.181694956
GLU,DA,GLU DA,-0.758265975,-0.827884224
GLY,DA,GLY DA,-0.788858092,-0.942707467
HIS,DA,HIS DA,-1.379305671,-1.501868856
ILE,DA,ILE DA,-0.885168566,-0.971947948
LEU,DA,LEU DA,-0.417982778,-0.632383295
LYS,DA,LYS DA,-0.799846043,-0.862920639
MET,DA,MET DA,-1.564111041,-1.549631265
PHE,DA,PHE DA,-1.120652194,-1.210229491
PRO,DA,PRO DA,-1.139241049,-1.114804667
SER,DA,SER DA,-0.847627727,-0.857896788
THR,DA,THR DA,-0.961961544,-0.995231299
TRP,DA,TRP DA,-1.934624108,-2.05748391
TYR,DA,TYR DA,-1.266242705,-1.345052582
VAL,DA,VAL DA,-0.837267118,-0.840411097
ALA,DT,ALA DT,-1.002590521,-0.951689425
ARG,DT,ARG DT,-0.926742381,-0.943521543
ASN,DT,ASN DT,-1.252524008,-1.256091518
ASP,DT,ASP DT,-0.8725687,-0.974011597
CYS,DT,CYS DT,-1.659410904,-1.749671519
GLN,DT,GLN DT,-1.22874435,-1.216975208
GLU,DT,GLU DT,-0.839506326,-0.851017088
GLY,DT,GLY DT,-1.006995162,-1.030965135
HIS,DT,HIS DT,-1.654339486,-1.567247741
ILE,DT,ILE DT,-0.901392211,-1.002526465
LEU,DT,LEU DT,-0.825810489,-0.747210067
LYS,DT,LYS DT,-0.906147079,-0.887983976
MET,DT,MET DT,-1.620546677,-1.669832242
PHE,DT,PHE DT,-1.340140863,-1.302603663
PRO,DT,PRO DT,-1.255244691,-1.20077071
SER,DT,SER DT,-0.990426051,-1.010343
THR,DT,THR DT,-1.07439971,-1.091250821
TRP,DT,TRP DT,-2.253373354,-2.171613871
TYR,DT,TYR DT,-1.396619086,-1.402866858
VAL,DT,VAL DT,-0.944440698,-0.981312593
